barcode,order_id
11111111111,1
11111111112,2
11111111113,3
11111111114,4
11111111115,5
11111111116,6
11111111117,7
11111111118,8
11111111119,9
11111111120,10
11111111121,11
11111111122,12
11111111123,13
11111111124,14
11111111125,15
11111111126,16
11111111127,17
11111111128,18
11111111129,19
11111111130,20
11111111131,21
11111111132,22
11111111133,23
11111111134,24
11111111135,25
11111111136,26
11111111137,27
11111111138,28
11111111139,29
11111111140,30
11111111141,31
11111111142,32
11111111143,33
11111111144,34
11111111145,35
11111111146,36
11111111147,37
11111111148,38
11111111149,39
11111111150,40
11111111151,41
11111111152,42
11111111153,43
11111111154,44
11111111155,45
11111111156,46
11111111157,47
11111111158,48
11111111159,49
11111111160,50
11111111161,51
11111111162,52
11111111163,53
11111111164,54
11111111165,55
11111111166,56
11111111167,57
11111111168,58
11111111169,59
11111111170,60
11111111171,61
11111111172,62
11111111173,63
11111111174,64
11111111175,65
11111111176,66
11111111177,67
11111111178,68
11111111179,69
11111111180,70
11111111181,71
11111111182,72
11111111183,73
11111111184,74
11111111186,76
11111111187,77
11111111188,78
11111111189,79
11111111190,80
11111111191,81
11111111192,82
11111111193,83
11111111194,84
11111111195,85
11111111196,86
11111111197,87
11111111198,88
11111111199,90
11111111200,91
11111111201,92
11111111202,93
11111111203,94
11111111204,95
11111111205,96
11111111206,97
11111111207,98
11111111208,99
11111111209,100
11111111210,101
11111111211,102
11111111212,103
11111111213,104
11111111214,105
11111111215,106
11111111216,107
11111111218,109
11111111219,110
11111111220,111
11111111221,112
11111111222,113
11111111223,114
11111111224,115
11111111225,116
11111111226,117
11111111227,118
11111111228,119
11111111229,120
11111111230,121
11111111231,122
11111111232,123
11111111233,124
11111111234,125
11111111235,126
11111111236,127
11111111237,128
11111111238,129
11111111239,130
11111111240,131
11111111241,132
11111111242,133
11111111243,134
11111111244,135
11111111245,136
11111111246,137
11111111247,138
11111111248,139
11111111249,140
11111111250,141
11111111251,142
11111111252,143
11111111253,144
11111111254,150
11111111255,151
11111111256,152
11111111257,153
11111111258,154
11111111259,155
11111111260,156
11111111261,157
11111111262,158
11111111263,159
11111111264,160
11111111265,161
11111111266,162
11111111267,163
11111111268,164
11111111269,165
11111111270,166
11111111271,167
11111111272,168
11111111273,169
11111111274,170
11111111275,171
11111111276,172
11111111277,173
11111111278,174
11111111279,175
11111111280,176
11111111281,177
11111111282,178
11111111283,179
11111111284,180
11111111285,181
11111111286,182
11111111287,183
11111111288,184
11111111289,185
11111111290,186
11111111291,187
11111111292,188
11111111293,189
11111111294,190
11111111295,191
11111111296,192
11111111297,193
11111111298,194
11111111299,195
11111111300,196
11111111301,197
11111111302,198
11111111303,199
11111111304,200
11111111306,202
11111111307,203
11111111308,204
11111111309,205
11111111310,206
11111111311,207
11111111312,208
11111111313,209
11111111314,210
11111111315,211
11111111316,212
11111111317,213
11111111318,1
11111111319,2
11111111320,3
11111111321,4
11111111322,5
11111111323,6
11111111324,7
11111111325,8
11111111326,9
11111111327,10
11111111328,11
11111111329,12
11111111330,13
11111111331,14
11111111332,15
11111111333,16
11111111334,17
11111111335,18
11111111336,19
11111111337,20
11111111338,21
11111111339,22
11111111340,23
11111111341,24
11111111342,25
11111111343,26
11111111344,157
11111111345,158
11111111346,159
11111111347,160
11111111348,161
11111111349,162
11111111350,163
11111111351,164
11111111352,165
11111111353,166
11111111354,167
11111111355,168
11111111356,169
11111111357,170
11111111358,171
11111111359,172
11111111360,173
11111111361,174
11111111362,175
11111111363,176
11111111364,177
11111111365,178
11111111366,179
11111111367,180
11111111368,181
11111111369,182
11111111370,183
11111111371,184
11111111372,185
11111111373,186
11111111374,187
11111111375,188
11111111376,189
11111111377,190
11111111674,191
11111111379,192
11111111380,193
11111111381,194
11111111382,195
11111111383,196
11111111384,197
11111111385,198
11111111386,199
11111111387,200
11111111389,202
11111111390,203
11111111391,204
11111111392,205
11111111393,206
11111111394,207
11111111395,208
11111111396,209
11111111397,210
11111111398,211
11111111399,212
11111111400,213
11111111401,43
11111111402,44
11111111403,45
11111111404,46
11111111405,47
11111111406,48
11111111407,49
11111111408,50
11111111409,51
11111111410,52
11111111411,53
11111111412,54
11111111413,55
11111111414,56
11111111415,57
11111111416,58
11111111417,59
11111111418,60
11111111419,61
11111111420,62
11111111421,63
11111111422,64
11111111423,65
11111111424,66
11111111425,67
11111111426,68
11111111427,69
11111111428,1
11111111429,2
11111111430,3
11111111431,4
11111111432,5
11111111433,6
11111111434,7
11111111435,8
11111111436,9
11111111437,10
11111111438,11
11111111439,12
11111111440,13
11111111441,14
11111111442,15
11111111443,16
11111111444,17
11111111445,18
11111111446,19
11111111447,20
11111111448,21
11111111449,22
11111111450,23
11111111451,24
11111111452,25
11111111453,26
11111111454,27
11111111455,28
11111111456,29
11111111457,30
11111111458,31
11111111459,32
11111111460,33
11111111461,34
11111111462,35
11111111463,36
11111111464,37
11111111465,38
11111111466,39
11111111467,40
11111111468,41
11111111469,42
11111111470,43
11111111471,44
11111111472,45
11111111473,46
11111111474,47
11111111475,48
11111111476,49
11111111477,50
11111111478,51
11111111479,52
11111111480,53
11111111481,54
11111111482,55
11111111483,56
11111111484,57
11111111485,58
11111111486,59
11111111487,60
11111111488,61
11111111489,62
11111111490,63
11111111491,64
11111111492,65
11111111493,66
11111111494,67
11111111495,68
11111111496,69
11111111497,70
11111111498,71
11111111499,72
11111111500,73
11111111501,74
11111111503,76
11111111504,77
11111111505,78
11111111506,79
11111111507,80
11111111508,81
11111111509,82
11111111510,83
11111111511,84
11111111512,85
11111111513,86
11111111514,87
11111111515,88
11111111516,90
11111111517,91
11111111518,92
11111111519,93
11111111520,94
11111111521,95
11111111522,96
11111111523,97
11111111524,98
11111111525,99
11111111526,100
11111111527,101
11111111528,102
11111111700,103
11111111530,104
11111111531,105
11111111532,106
11111111533,107
11111111535,109
11111111536,110
11111111537,111
11111111538,112
11111111539,113
11111111540,114
11111111541,115
11111111542,116
11111111543,117
11111111544,118
11111111545,119
11111111546,120
11111111547,121
11111111548,122
11111111549,123
11111111550,124
11111111551,125
11111111552,126
11111111553,127
11111111554,128
11111111555,129
11111111556,130
11111111557,131
11111111558,132
11111111559,133
11111111560,134
11111111561,135
11111111562,136
11111111563,137
11111111564,138
11111111565,139
11111111566,140
11111111567,141
11111111568,142
11111111569,143
11111111570,144
11111111571,150
11111111572,151
11111111573,152
11111111574,153
11111111575,154
11111111576,155
11111111577,156
11111111578,157
11111111579,158
11111111580,159
11111111581,160
11111111582,161
11111111583,162
11111111584,163
11111111585,164
11111111586,165
11111111587,166
11111111588,167
11111111589,168
11111111590,169
11111111591,170
11111111592,171
11111111593,172
11111111594,173
11111111595,174
11111111596,175
11111111597,176
11111111598,177
11111111599,178
11111111600,179
11111111601,180
11111111649,181
11111111603,182
11111111604,183
11111111605,184
11111111606,185
11111111607,186
11111111608,187
11111111609,188
11111111610,189
11111111611,190
11111111612,191
11111111613,192
11111111614,193
11111111615,194
11111111616,195
11111111617,196
11111111618,197
11111111619,198
11111111620,199
11111111621,200
11111111623,202
11111111624,203
11111111625,204
11111111626,205
11111111627,206
11111111628,207
11111111629,208
11111111630,209
11111111631,210
11111111632,211
11111111633,212
11111111665,213
11111111635,
11111111636,
11111111637,
11111111638,
11111111639,
11111111640,
11111111641,
11111111642,
11111111643,
11111111644,
11111111645,
11111111646,
11111111647,
11111111648,
11111111649,
11111111650,
11111111651,
11111111652,
11111111653,
11111111654,
11111111655,
11111111656,
11111111657,
11111111658,
11111111659,
11111111660,
11111111661,
11111111662,
11111111663,
11111111664,
11111111665,
11111111666,
11111111667,
11111111668,
11111111669,
11111111670,
11111111671,
11111111672,
11111111673,
11111111674,
11111111675,
11111111676,
11111111595,
11111111678,
11111111679,
11111111680,
11111111681,
11111111682,
11111111683,
11111111684,
11111111685,
11111111686,
11111111687,
11111111688,
11111111689,
11111111690,
11111111691,
11111111692,
11111111693,
11111111694,
11111111695,
11111111696,
11111111697,
11111111698,
11111111699,
11111111700,
11111111701,
11111111702,
11111111703,
11111111704,
11111111705,
11111111706,
11111111707,
11111111708,
11111111709,
11111111710,
11111111711,
11111111712,
11111111713,
11111111714,
11111111715,
11111111716,
11111111717,
11111111718,
11111111719,
11111111720,
11111111721,
11111111722,
11111111723,
11111111724,
11111111725,
11111111726,
11111111727,
11111111728,
11111111729,
11111111730,
11111111731,
11111111732,
11111111733,
11111111734,
11111111735,
11111111736,
11111111737,
,456
